commodity,ticker,timestamp,closes
brent_oil,BZ=F,2026-04-08 05:00:00,95.0
brent_oil,BZ=F,2026-04-08 06:00:00,93.87
brent_oil,BZ=F,2026-04-08 07:00:00,93.9
brent_oil,BZ=F,2026-04-08 08:00:00,94.7
brent_oil,BZ=F,2026-04-08 09:00:00,94.34
brent_oil,BZ=F,2026-04-08 10:00:00,94.32
brent_oil,BZ=F,2026-04-08 11:00:00,94.12
brent_oil,BZ=F,2026-04-08 12:00:00,92.4
brent_oil,BZ=F,2026-04-08 13:00:00,91.19
brent_oil,BZ=F,2026-04-08 14:00:00,92.14
brent_oil,BZ=F,2026-04-08 15:00:00,94.58
brent_oil,BZ=F,2026-04-08 16:00:00,94.7
brent_oil,BZ=F,2026-04-08 17:00:00,94.49
brent_oil,BZ=F,2026-04-08 18:00:00,95.07
brent_oil,BZ=F,2026-04-08 19:00:00,95.66
brent_oil,BZ=F,2026-04-08 20:00:00,96.26
brent_oil,BZ=F,2026-04-08 21:00:00,96.26
brent_oil,BZ=F,2026-04-08 22:00:00,
brent_oil,BZ=F,2026-04-08 23:00:00,96.82
brent_oil,BZ=F,2026-04-09 00:00:00,97.08
brent_oil,BZ=F,2026-04-09 01:00:00,97.85
brent_oil,BZ=F,2026-04-09 02:00:00,96.9
brent_oil,BZ=F,2026-04-09 03:00:00,96.9
brent_oil,BZ=F,2026-04-09 04:00:00,96.62
brent_oil,BZ=F,2026-04-09 05:00:00,97.36
brent_oil,BZ=F,2026-04-09 06:00:00,96.78
brent_oil,BZ=F,2026-04-09 07:00:00,96.89
brent_oil,BZ=F,2026-04-09 08:00:00,98.4
brent_oil,BZ=F,2026-04-09 09:00:00,98.19
brent_oil,BZ=F,2026-04-09 10:00:00,97.91
brent_oil,BZ=F,2026-04-09 11:00:00,98.68
brent_oil,BZ=F,2026-04-09 12:00:00,97.89
brent_oil,BZ=F,2026-04-09 13:00:00,98.39
brent_oil,BZ=F,2026-04-09 14:00:00,98.6
brent_oil,BZ=F,2026-04-09 15:00:00,99.17
brent_oil,BZ=F,2026-04-09 16:00:00,96.69
brent_oil,BZ=F,2026-04-09 17:00:00,95.72
brent_oil,BZ=F,2026-04-09 18:00:00,94.95
brent_oil,BZ=F,2026-04-09 19:00:00,96.35
brent_oil,BZ=F,2026-04-09 20:00:00,97.3
brent_oil,BZ=F,2026-04-09 21:00:00,96.44
brent_oil,BZ=F,2026-04-09 22:00:00,
brent_oil,BZ=F,2026-04-09 23:00:00,96.95
brent_oil,BZ=F,2026-04-10 00:00:00,96.68
brent_oil,BZ=F,2026-04-10 01:00:00,96.91
brent_oil,BZ=F,2026-04-10 02:00:00,96.5
brent_oil,BZ=F,2026-04-10 03:00:00,96.47
brent_oil,BZ=F,2026-04-10 04:00:00,96.17
brent_oil,BZ=F,2026-04-10 05:00:00,96.66
brent_oil,BZ=F,2026-04-10 06:00:00,96.82
brent_oil,BZ=F,2026-04-10 07:00:00,96.89
brent_oil,BZ=F,2026-04-10 08:00:00,97.69
brent_oil,BZ=F,2026-04-10 09:00:00,98.03
brent_oil,BZ=F,2026-04-10 10:00:00,96.52
brent_oil,BZ=F,2026-04-10 11:00:00,95.91
brent_oil,BZ=F,2026-04-10 12:00:00,95.96
brent_oil,BZ=F,2026-04-10 13:00:00,95.88
brent_oil,BZ=F,2026-04-10 14:00:00,96.06
brent_oil,BZ=F,2026-04-10 15:00:00,95.8
brent_oil,BZ=F,2026-04-10 16:00:00,97.07
brent_oil,BZ=F,2026-04-10 17:00:00,96.78
brent_oil,BZ=F,2026-04-10 18:00:00,96.47
brent_oil,BZ=F,2026-04-10 19:00:00,94.6
brent_oil,BZ=F,2026-04-10 20:00:00,94.65
brent_oil,BZ=F,2026-04-10 21:00:00,95.2
brent_oil,BZ=F,2026-04-10 22:00:00,
brent_oil,BZ=F,2026-04-10 23:00:00,
brent_oil,BZ=F,2026-04-11 00:00:00,
brent_oil,BZ=F,2026-04-11 01:00:00,
brent_oil,BZ=F,2026-04-11 02:00:00,
brent_oil,BZ=F,2026-04-11 03:00:00,
brent_oil,BZ=F,2026-04-11 04:00:00,
brent_oil,BZ=F,2026-04-12 05:00:00,
brent_oil,BZ=F,2026-04-12 06:00:00,
brent_oil,BZ=F,2026-04-12 07:00:00,
brent_oil,BZ=F,2026-04-12 08:00:00,
brent_oil,BZ=F,2026-04-12 09:00:00,
brent_oil,BZ=F,2026-04-12 10:00:00,
brent_oil,BZ=F,2026-04-12 11:00:00,
brent_oil,BZ=F,2026-04-12 12:00:00,
brent_oil,BZ=F,2026-04-12 13:00:00,
brent_oil,BZ=F,2026-04-12 14:00:00,
brent_oil,BZ=F,2026-04-12 15:00:00,
brent_oil,BZ=F,2026-04-12 16:00:00,
brent_oil,BZ=F,2026-04-12 17:00:00,
brent_oil,BZ=F,2026-04-12 18:00:00,
brent_oil,BZ=F,2026-04-12 19:00:00,
brent_oil,BZ=F,2026-04-12 20:00:00,
brent_oil,BZ=F,2026-04-12 21:00:00,
brent_oil,BZ=F,2026-04-12 22:00:00,
brent_oil,BZ=F,2026-04-12 23:00:00,102.48
brent_oil,BZ=F,2026-04-13 00:00:00,103.14
brent_oil,BZ=F,2026-04-13 01:00:00,102.42
brent_oil,BZ=F,2026-04-13 02:00:00,101.72
brent_oil,BZ=F,2026-04-13 03:00:00,102.19
brent_oil,BZ=F,2026-04-13 04:00:00,102.12
brent_oil,BZ=F,2026-04-13 05:00:00,102.08
brent_oil,BZ=F,2026-04-13 06:00:00,101.98
brent_oil,BZ=F,2026-04-13 07:00:00,101.43
brent_oil,BZ=F,2026-04-13 08:00:00,101.98
brent_oil,BZ=F,2026-04-13 09:00:00,102.78
brent_oil,BZ=F,2026-04-13 10:00:00,102.54
brent_oil,BZ=F,2026-04-13 11:00:00,102.05
brent_oil,BZ=F,2026-04-13 12:00:00,102.31
brent_oil,BZ=F,2026-04-13 13:00:00,101.9
brent_oil,BZ=F,2026-04-13 14:00:00,100.24
brent_oil,BZ=F,2026-04-13 15:00:00,100.55
brent_oil,BZ=F,2026-04-13 16:00:00,102.0
brent_oil,BZ=F,2026-04-13 17:00:00,99.98
brent_oil,BZ=F,2026-04-13 18:00:00,99.24
brent_oil,BZ=F,2026-04-13 19:00:00,97.7
brent_oil,BZ=F,2026-04-13 20:00:00,98.31
brent_oil,BZ=F,2026-04-13 21:00:00,98.11
brent_oil,BZ=F,2026-04-13 22:00:00,
brent_oil,BZ=F,2026-04-13 23:00:00,97.98
brent_oil,BZ=F,2026-04-14 00:00:00,97.35
brent_oil,BZ=F,2026-04-14 01:00:00,96.67
brent_oil,BZ=F,2026-04-14 02:00:00,97.81
brent_oil,BZ=F,2026-04-14 03:00:00,98.09
brent_oil,BZ=F,2026-04-14 04:00:00,98.15
brent_oil,BZ=F,2026-04-14 05:00:00,97.88
brent_oil,BZ=F,2026-04-14 06:00:00,98.55
brent_oil,BZ=F,2026-04-14 07:00:00,99.21
brent_oil,BZ=F,2026-04-14 08:00:00,98.6
brent_oil,BZ=F,2026-04-14 09:00:00,98.07
brent_oil,BZ=F,2026-04-14 10:00:00,98.75
brent_oil,BZ=F,2026-04-14 11:00:00,99.03
brent_oil,BZ=F,2026-04-14 12:00:00,98.72
brent_oil,BZ=F,2026-04-14 13:00:00,97.71
brent_oil,BZ=F,2026-04-14 14:00:00,96.83
brent_oil,BZ=F,2026-04-14 15:00:00,95.75
brent_oil,BZ=F,2026-04-14 16:00:00,95.4
brent_oil,BZ=F,2026-04-14 17:00:00,95.27
brent_oil,BZ=F,2026-04-14 18:00:00,95.09
brent_oil,BZ=F,2026-04-14 19:00:00,95.09
brent_oil,BZ=F,2026-04-14 20:00:00,95.15
brent_oil,BZ=F,2026-04-14 21:00:00,95.14
brent_oil,BZ=F,2026-04-14 22:00:00,
brent_oil,BZ=F,2026-04-14 23:00:00,95.14
brent_oil,BZ=F,2026-04-15 00:00:00,94.09
brent_oil,BZ=F,2026-04-15 01:00:00,94.23
brent_oil,BZ=F,2026-04-15 02:00:00,94.59
brent_oil,BZ=F,2026-04-15 03:00:00,95.29
brent_oil,BZ=F,2026-04-15 04:00:00,95.11
brent_oil,BZ=F,2026-04-15 05:00:00,95.73
brent_oil,BZ=F,2026-04-15 06:00:00,95.56
brent_oil,BZ=F,2026-04-15 07:00:00,94.71
brent_oil,BZ=F,2026-04-15 08:00:00,94.77
brent_oil,BZ=F,2026-04-15 09:00:00,95.35
brent_oil,BZ=F,2026-04-15 10:00:00,96.11
brent_oil,BZ=F,2026-04-15 11:00:00,96.16
brent_oil,BZ=F,2026-04-15 12:00:00,95.36
brent_oil,BZ=F,2026-04-15 13:00:00,95.26
brent_oil,BZ=F,2026-04-15 14:00:00,94.58
brent_oil,BZ=F,2026-04-15 15:00:00,95.09
brent_oil,BZ=F,2026-04-15 16:00:00,95.43
brent_oil,BZ=F,2026-04-15 16:11:35,95.43
natural_gas,NG=F,2026-04-08 05:00:00,2.748
natural_gas,NG=F,2026-04-08 06:00:00,2.739
natural_gas,NG=F,2026-04-08 07:00:00,2.719
natural_gas,NG=F,2026-04-08 08:00:00,2.722
natural_gas,NG=F,2026-04-08 09:00:00,2.715
natural_gas,NG=F,2026-04-08 10:00:00,2.72
natural_gas,NG=F,2026-04-08 11:00:00,2.738
natural_gas,NG=F,2026-04-08 12:00:00,2.752
natural_gas,NG=F,2026-04-08 13:00:00,2.759
natural_gas,NG=F,2026-04-08 14:00:00,2.733
natural_gas,NG=F,2026-04-08 15:00:00,2.755
natural_gas,NG=F,2026-04-08 16:00:00,2.746
natural_gas,NG=F,2026-04-08 17:00:00,2.718
natural_gas,NG=F,2026-04-08 18:00:00,2.707
natural_gas,NG=F,2026-04-08 19:00:00,2.728
natural_gas,NG=F,2026-04-08 20:00:00,2.731
natural_gas,NG=F,2026-04-08 21:00:00,2.731
natural_gas,NG=F,2026-04-08 22:00:00,
natural_gas,NG=F,2026-04-08 23:00:00,2.736
natural_gas,NG=F,2026-04-09 00:00:00,2.733
natural_gas,NG=F,2026-04-09 01:00:00,2.736
natural_gas,NG=F,2026-04-09 02:00:00,2.727
natural_gas,NG=F,2026-04-09 03:00:00,2.731
natural_gas,NG=F,2026-04-09 04:00:00,2.723
natural_gas,NG=F,2026-04-09 05:00:00,2.72
natural_gas,NG=F,2026-04-09 06:00:00,2.721
natural_gas,NG=F,2026-04-09 07:00:00,2.721
natural_gas,NG=F,2026-04-09 08:00:00,2.728
natural_gas,NG=F,2026-04-09 09:00:00,2.721
natural_gas,NG=F,2026-04-09 10:00:00,2.726
natural_gas,NG=F,2026-04-09 11:00:00,2.731
natural_gas,NG=F,2026-04-09 12:00:00,2.721
natural_gas,NG=F,2026-04-09 13:00:00,2.716
natural_gas,NG=F,2026-04-09 14:00:00,2.712
natural_gas,NG=F,2026-04-09 15:00:00,2.707
natural_gas,NG=F,2026-04-09 16:00:00,2.662
natural_gas,NG=F,2026-04-09 17:00:00,2.67
natural_gas,NG=F,2026-04-09 18:00:00,2.663
natural_gas,NG=F,2026-04-09 19:00:00,2.682
natural_gas,NG=F,2026-04-09 20:00:00,2.68
natural_gas,NG=F,2026-04-09 21:00:00,2.673
natural_gas,NG=F,2026-04-09 22:00:00,
natural_gas,NG=F,2026-04-09 23:00:00,2.677
natural_gas,NG=F,2026-04-10 00:00:00,2.672
natural_gas,NG=F,2026-04-10 01:00:00,2.673
natural_gas,NG=F,2026-04-10 02:00:00,2.679
natural_gas,NG=F,2026-04-10 03:00:00,2.672
natural_gas,NG=F,2026-04-10 04:00:00,2.668
natural_gas,NG=F,2026-04-10 05:00:00,2.662
natural_gas,NG=F,2026-04-10 06:00:00,2.666
natural_gas,NG=F,2026-04-10 07:00:00,2.673
natural_gas,NG=F,2026-04-10 08:00:00,2.68
natural_gas,NG=F,2026-04-10 09:00:00,2.673
natural_gas,NG=F,2026-04-10 10:00:00,2.674
natural_gas,NG=F,2026-04-10 11:00:00,2.662
natural_gas,NG=F,2026-04-10 12:00:00,2.642
natural_gas,NG=F,2026-04-10 13:00:00,2.67
natural_gas,NG=F,2026-04-10 14:00:00,2.648
natural_gas,NG=F,2026-04-10 15:00:00,2.673
natural_gas,NG=F,2026-04-10 16:00:00,2.656
natural_gas,NG=F,2026-04-10 17:00:00,2.663
natural_gas,NG=F,2026-04-10 18:00:00,2.648
natural_gas,NG=F,2026-04-10 19:00:00,2.643
natural_gas,NG=F,2026-04-10 20:00:00,2.654
natural_gas,NG=F,2026-04-10 21:00:00,2.655
natural_gas,NG=F,2026-04-10 22:00:00,
natural_gas,NG=F,2026-04-10 23:00:00,
natural_gas,NG=F,2026-04-11 00:00:00,
natural_gas,NG=F,2026-04-11 01:00:00,
natural_gas,NG=F,2026-04-11 02:00:00,
natural_gas,NG=F,2026-04-11 03:00:00,
natural_gas,NG=F,2026-04-11 04:00:00,
natural_gas,NG=F,2026-04-12 05:00:00,
natural_gas,NG=F,2026-04-12 06:00:00,
natural_gas,NG=F,2026-04-12 07:00:00,
natural_gas,NG=F,2026-04-12 08:00:00,
natural_gas,NG=F,2026-04-12 09:00:00,
natural_gas,NG=F,2026-04-12 10:00:00,
natural_gas,NG=F,2026-04-12 11:00:00,
natural_gas,NG=F,2026-04-12 12:00:00,
natural_gas,NG=F,2026-04-12 13:00:00,
natural_gas,NG=F,2026-04-12 14:00:00,
natural_gas,NG=F,2026-04-12 15:00:00,
natural_gas,NG=F,2026-04-12 16:00:00,
natural_gas,NG=F,2026-04-12 17:00:00,
natural_gas,NG=F,2026-04-12 18:00:00,
natural_gas,NG=F,2026-04-12 19:00:00,
natural_gas,NG=F,2026-04-12 20:00:00,
natural_gas,NG=F,2026-04-12 21:00:00,
natural_gas,NG=F,2026-04-12 22:00:00,
natural_gas,NG=F,2026-04-12 23:00:00,2.705
natural_gas,NG=F,2026-04-13 00:00:00,2.698
natural_gas,NG=F,2026-04-13 01:00:00,2.676
natural_gas,NG=F,2026-04-13 02:00:00,2.681
natural_gas,NG=F,2026-04-13 03:00:00,2.681
natural_gas,NG=F,2026-04-13 04:00:00,2.671
natural_gas,NG=F,2026-04-13 05:00:00,2.668
natural_gas,NG=F,2026-04-13 06:00:00,2.674
natural_gas,NG=F,2026-04-13 07:00:00,2.668
natural_gas,NG=F,2026-04-13 08:00:00,2.677
natural_gas,NG=F,2026-04-13 09:00:00,2.674
natural_gas,NG=F,2026-04-13 10:00:00,2.686
natural_gas,NG=F,2026-04-13 11:00:00,2.704
natural_gas,NG=F,2026-04-13 12:00:00,2.715
natural_gas,NG=F,2026-04-13 13:00:00,2.702
natural_gas,NG=F,2026-04-13 14:00:00,2.669
natural_gas,NG=F,2026-04-13 15:00:00,2.652
natural_gas,NG=F,2026-04-13 16:00:00,2.642
natural_gas,NG=F,2026-04-13 17:00:00,2.625
natural_gas,NG=F,2026-04-13 18:00:00,2.631
natural_gas,NG=F,2026-04-13 19:00:00,2.63
natural_gas,NG=F,2026-04-13 20:00:00,2.629
natural_gas,NG=F,2026-04-13 21:00:00,2.627
natural_gas,NG=F,2026-04-13 22:00:00,
natural_gas,NG=F,2026-04-13 23:00:00,2.623
natural_gas,NG=F,2026-04-14 00:00:00,2.62
natural_gas,NG=F,2026-04-14 01:00:00,2.613
natural_gas,NG=F,2026-04-14 02:00:00,2.618
natural_gas,NG=F,2026-04-14 03:00:00,2.613
natural_gas,NG=F,2026-04-14 04:00:00,2.607
natural_gas,NG=F,2026-04-14 05:00:00,2.605
natural_gas,NG=F,2026-04-14 06:00:00,2.607
natural_gas,NG=F,2026-04-14 07:00:00,2.607
natural_gas,NG=F,2026-04-14 08:00:00,2.598
natural_gas,NG=F,2026-04-14 09:00:00,2.601
natural_gas,NG=F,2026-04-14 10:00:00,2.606
natural_gas,NG=F,2026-04-14 11:00:00,2.605
natural_gas,NG=F,2026-04-14 12:00:00,2.594
natural_gas,NG=F,2026-04-14 13:00:00,2.62
natural_gas,NG=F,2026-04-14 14:00:00,2.614
natural_gas,NG=F,2026-04-14 15:00:00,2.612
natural_gas,NG=F,2026-04-14 16:00:00,2.579
natural_gas,NG=F,2026-04-14 17:00:00,2.576
natural_gas,NG=F,2026-04-14 18:00:00,2.594
natural_gas,NG=F,2026-04-14 19:00:00,2.603
natural_gas,NG=F,2026-04-14 20:00:00,2.599
natural_gas,NG=F,2026-04-14 21:00:00,2.594
natural_gas,NG=F,2026-04-14 22:00:00,
natural_gas,NG=F,2026-04-14 23:00:00,2.593
natural_gas,NG=F,2026-04-15 00:00:00,2.591
natural_gas,NG=F,2026-04-15 01:00:00,2.592
natural_gas,NG=F,2026-04-15 02:00:00,2.593
natural_gas,NG=F,2026-04-15 03:00:00,2.595
natural_gas,NG=F,2026-04-15 04:00:00,2.589
natural_gas,NG=F,2026-04-15 05:00:00,2.597
natural_gas,NG=F,2026-04-15 06:00:00,2.598
natural_gas,NG=F,2026-04-15 07:00:00,2.596
natural_gas,NG=F,2026-04-15 08:00:00,2.589
natural_gas,NG=F,2026-04-15 09:00:00,2.595
natural_gas,NG=F,2026-04-15 10:00:00,2.593
natural_gas,NG=F,2026-04-15 11:00:00,2.59
natural_gas,NG=F,2026-04-15 12:00:00,2.591
natural_gas,NG=F,2026-04-15 13:00:00,2.615
natural_gas,NG=F,2026-04-15 14:00:00,2.599
natural_gas,NG=F,2026-04-15 15:00:00,2.616
natural_gas,NG=F,2026-04-15 16:00:00,2.61
natural_gas,NG=F,2026-04-15 16:11:36,2.61
gold,GC=F,2026-04-08 05:00:00,4832.7002
gold,GC=F,2026-04-08 06:00:00,4855.5
gold,GC=F,2026-04-08 07:00:00,4846.6001
gold,GC=F,2026-04-08 08:00:00,4839.7002
gold,GC=F,2026-04-08 09:00:00,4821.7998
gold,GC=F,2026-04-08 10:00:00,4810.2002
gold,GC=F,2026-04-08 11:00:00,4809.7002
gold,GC=F,2026-04-08 12:00:00,4826.3999
gold,GC=F,2026-04-08 13:00:00,4827.1001
gold,GC=F,2026-04-08 14:00:00,4804.1001
gold,GC=F,2026-04-08 15:00:00,4762.2002
gold,GC=F,2026-04-08 16:00:00,4782.0
gold,GC=F,2026-04-08 17:00:00,4785.8999
gold,GC=F,2026-04-08 18:00:00,4759.5
gold,GC=F,2026-04-08 19:00:00,4730.1001
gold,GC=F,2026-04-08 20:00:00,4755.2998
gold,GC=F,2026-04-08 21:00:00,4745.0
gold,GC=F,2026-04-08 22:00:00,
gold,GC=F,2026-04-08 23:00:00,4741.5
gold,GC=F,2026-04-09 00:00:00,4738.7998
gold,GC=F,2026-04-09 01:00:00,4730.3999
gold,GC=F,2026-04-09 02:00:00,4751.2002
gold,GC=F,2026-04-09 03:00:00,4742.1001
gold,GC=F,2026-04-09 04:00:00,4735.0
gold,GC=F,2026-04-09 05:00:00,4744.2002
gold,GC=F,2026-04-09 06:00:00,4736.3999
gold,GC=F,2026-04-09 07:00:00,4736.2998
gold,GC=F,2026-04-09 08:00:00,4748.3999
gold,GC=F,2026-04-09 09:00:00,4750.5
gold,GC=F,2026-04-09 10:00:00,4753.8999
gold,GC=F,2026-04-09 11:00:00,4765.7002
gold,GC=F,2026-04-09 12:00:00,4781.2998
gold,GC=F,2026-04-09 13:00:00,4770.8999
gold,GC=F,2026-04-09 14:00:00,4789.6001
gold,GC=F,2026-04-09 15:00:00,4794.0
gold,GC=F,2026-04-09 16:00:00,4817.3999
gold,GC=F,2026-04-09 17:00:00,4813.0
gold,GC=F,2026-04-09 18:00:00,4822.2998
gold,GC=F,2026-04-09 19:00:00,4796.6001
gold,GC=F,2026-04-09 20:00:00,4793.0
gold,GC=F,2026-04-09 21:00:00,4790.5
gold,GC=F,2026-04-09 22:00:00,
gold,GC=F,2026-04-09 23:00:00,4787.6001
gold,GC=F,2026-04-10 00:00:00,4787.0
gold,GC=F,2026-04-10 01:00:00,4786.3999
gold,GC=F,2026-04-10 02:00:00,4787.2998
gold,GC=F,2026-04-10 03:00:00,4775.5
gold,GC=F,2026-04-10 04:00:00,4789.1001
gold,GC=F,2026-04-10 05:00:00,4781.7998
gold,GC=F,2026-04-10 06:00:00,4789.8999
gold,GC=F,2026-04-10 07:00:00,4769.7002
gold,GC=F,2026-04-10 08:00:00,4773.0
gold,GC=F,2026-04-10 09:00:00,4763.1001
gold,GC=F,2026-04-10 10:00:00,4774.6001
gold,GC=F,2026-04-10 11:00:00,4780.7002
gold,GC=F,2026-04-10 12:00:00,4792.0
gold,GC=F,2026-04-10 13:00:00,4795.5
gold,GC=F,2026-04-10 14:00:00,4799.2998
gold,GC=F,2026-04-10 15:00:00,4799.2998
gold,GC=F,2026-04-10 16:00:00,4785.7998
gold,GC=F,2026-04-10 17:00:00,4788.1001
gold,GC=F,2026-04-10 18:00:00,4784.5
gold,GC=F,2026-04-10 19:00:00,4789.5
gold,GC=F,2026-04-10 20:00:00,4783.6001
gold,GC=F,2026-04-10 21:00:00,4771.0
gold,GC=F,2026-04-10 22:00:00,
gold,GC=F,2026-04-10 23:00:00,
gold,GC=F,2026-04-11 00:00:00,
gold,GC=F,2026-04-11 01:00:00,
gold,GC=F,2026-04-11 02:00:00,
gold,GC=F,2026-04-11 03:00:00,
gold,GC=F,2026-04-11 04:00:00,
gold,GC=F,2026-04-12 05:00:00,
gold,GC=F,2026-04-12 06:00:00,
gold,GC=F,2026-04-12 07:00:00,
gold,GC=F,2026-04-12 08:00:00,
gold,GC=F,2026-04-12 09:00:00,
gold,GC=F,2026-04-12 10:00:00,
gold,GC=F,2026-04-12 11:00:00,
gold,GC=F,2026-04-12 12:00:00,
gold,GC=F,2026-04-12 13:00:00,
gold,GC=F,2026-04-12 14:00:00,
gold,GC=F,2026-04-12 15:00:00,
gold,GC=F,2026-04-12 16:00:00,
gold,GC=F,2026-04-12 17:00:00,
gold,GC=F,2026-04-12 18:00:00,
gold,GC=F,2026-04-12 19:00:00,
gold,GC=F,2026-04-12 20:00:00,
gold,GC=F,2026-04-12 21:00:00,
gold,GC=F,2026-04-12 22:00:00,
gold,GC=F,2026-04-12 23:00:00,4680.6001
gold,GC=F,2026-04-13 00:00:00,4693.6001
gold,GC=F,2026-04-13 01:00:00,4718.0
gold,GC=F,2026-04-13 02:00:00,4743.1001
gold,GC=F,2026-04-13 03:00:00,4742.0
gold,GC=F,2026-04-13 04:00:00,4741.6001
gold,GC=F,2026-04-13 05:00:00,4744.7002
gold,GC=F,2026-04-13 06:00:00,4751.1001
gold,GC=F,2026-04-13 07:00:00,4747.8999
gold,GC=F,2026-04-13 08:00:00,4756.3999
gold,GC=F,2026-04-13 09:00:00,4746.2998
gold,GC=F,2026-04-13 10:00:00,4737.3999
gold,GC=F,2026-04-13 11:00:00,4744.2002
gold,GC=F,2026-04-13 12:00:00,4729.1001
gold,GC=F,2026-04-13 13:00:00,4745.8999
gold,GC=F,2026-04-13 14:00:00,4753.2998
gold,GC=F,2026-04-13 15:00:00,4742.2002
gold,GC=F,2026-04-13 16:00:00,4736.8999
gold,GC=F,2026-04-13 17:00:00,4756.3999
gold,GC=F,2026-04-13 18:00:00,4753.2998
gold,GC=F,2026-04-13 19:00:00,4762.0
gold,GC=F,2026-04-13 20:00:00,4765.5
gold,GC=F,2026-04-13 21:00:00,4766.6001
gold,GC=F,2026-04-13 22:00:00,
gold,GC=F,2026-04-13 23:00:00,4782.0
gold,GC=F,2026-04-14 00:00:00,4781.2998
gold,GC=F,2026-04-14 01:00:00,4792.7002
gold,GC=F,2026-04-14 02:00:00,4787.2002
gold,GC=F,2026-04-14 03:00:00,4797.6001
gold,GC=F,2026-04-14 04:00:00,4792.2998
gold,GC=F,2026-04-14 05:00:00,4796.2998
gold,GC=F,2026-04-14 06:00:00,4782.2998
gold,GC=F,2026-04-14 07:00:00,4805.3999
gold,GC=F,2026-04-14 08:00:00,4800.2002
gold,GC=F,2026-04-14 09:00:00,4810.0
gold,GC=F,2026-04-14 10:00:00,4801.6001
gold,GC=F,2026-04-14 11:00:00,4791.1001
gold,GC=F,2026-04-14 12:00:00,4797.1001
gold,GC=F,2026-04-14 13:00:00,4793.2998
gold,GC=F,2026-04-14 14:00:00,4818.7998
gold,GC=F,2026-04-14 15:00:00,4827.2998
gold,GC=F,2026-04-14 16:00:00,4831.8999
gold,GC=F,2026-04-14 17:00:00,4833.5
gold,GC=F,2026-04-14 18:00:00,4859.5
gold,GC=F,2026-04-14 19:00:00,4860.1001
gold,GC=F,2026-04-14 20:00:00,4868.7002
gold,GC=F,2026-04-14 21:00:00,4864.5
gold,GC=F,2026-04-14 22:00:00,
gold,GC=F,2026-04-14 23:00:00,4859.5
gold,GC=F,2026-04-15 00:00:00,4861.7002
gold,GC=F,2026-04-15 01:00:00,4859.7002
gold,GC=F,2026-04-15 02:00:00,4871.0
gold,GC=F,2026-04-15 03:00:00,4847.7002
gold,GC=F,2026-04-15 04:00:00,4849.6001
gold,GC=F,2026-04-15 05:00:00,4848.8999
gold,GC=F,2026-04-15 06:00:00,4843.2998
gold,GC=F,2026-04-15 07:00:00,4834.8999
gold,GC=F,2026-04-15 08:00:00,4834.1001
gold,GC=F,2026-04-15 09:00:00,4841.6001
gold,GC=F,2026-04-15 10:00:00,4821.2002
gold,GC=F,2026-04-15 11:00:00,4822.7998
gold,GC=F,2026-04-15 12:00:00,4835.7002
gold,GC=F,2026-04-15 13:00:00,4833.8999
gold,GC=F,2026-04-15 14:00:00,4851.8999
gold,GC=F,2026-04-15 15:00:00,4838.3999
gold,GC=F,2026-04-15 16:00:00,4828.1001
gold,GC=F,2026-04-15 16:11:37,4829.1001
silver,SI=F,2026-04-08 05:00:00,76.82
silver,SI=F,2026-04-08 06:00:00,77.45
silver,SI=F,2026-04-08 07:00:00,77.31
silver,SI=F,2026-04-08 08:00:00,77.085
silver,SI=F,2026-04-08 09:00:00,77.025
silver,SI=F,2026-04-08 10:00:00,76.8
silver,SI=F,2026-04-08 11:00:00,76.935
silver,SI=F,2026-04-08 12:00:00,77.42
silver,SI=F,2026-04-08 13:00:00,77.635
silver,SI=F,2026-04-08 14:00:00,76.61
silver,SI=F,2026-04-08 15:00:00,74.95
silver,SI=F,2026-04-08 16:00:00,75.605
silver,SI=F,2026-04-08 17:00:00,75.635
silver,SI=F,2026-04-08 18:00:00,75.26
silver,SI=F,2026-04-08 19:00:00,73.7
silver,SI=F,2026-04-08 20:00:00,74.635
silver,SI=F,2026-04-08 21:00:00,74.245
silver,SI=F,2026-04-08 22:00:00,
silver,SI=F,2026-04-08 23:00:00,74.195
silver,SI=F,2026-04-09 00:00:00,73.79
silver,SI=F,2026-04-09 01:00:00,73.59
silver,SI=F,2026-04-09 02:00:00,73.905
silver,SI=F,2026-04-09 03:00:00,73.84
silver,SI=F,2026-04-09 04:00:00,74.07
silver,SI=F,2026-04-09 05:00:00,74.125
silver,SI=F,2026-04-09 06:00:00,74.075
silver,SI=F,2026-04-09 07:00:00,74.025
silver,SI=F,2026-04-09 08:00:00,74.155
silver,SI=F,2026-04-09 09:00:00,74.15
silver,SI=F,2026-04-09 10:00:00,74.115
silver,SI=F,2026-04-09 11:00:00,74.1
silver,SI=F,2026-04-09 12:00:00,74.695
silver,SI=F,2026-04-09 13:00:00,74.49
silver,SI=F,2026-04-09 14:00:00,75.125
silver,SI=F,2026-04-09 15:00:00,74.975
silver,SI=F,2026-04-09 16:00:00,75.965
silver,SI=F,2026-04-09 17:00:00,76.125
silver,SI=F,2026-04-09 18:00:00,76.695
silver,SI=F,2026-04-09 19:00:00,75.915
silver,SI=F,2026-04-09 20:00:00,75.72
silver,SI=F,2026-04-09 21:00:00,75.475
silver,SI=F,2026-04-09 22:00:00,
silver,SI=F,2026-04-09 23:00:00,75.505
silver,SI=F,2026-04-10 00:00:00,75.53
silver,SI=F,2026-04-10 01:00:00,75.59
silver,SI=F,2026-04-10 02:00:00,75.63
silver,SI=F,2026-04-10 03:00:00,75.695
silver,SI=F,2026-04-10 04:00:00,75.95
silver,SI=F,2026-04-10 05:00:00,75.89
silver,SI=F,2026-04-10 06:00:00,76.1
silver,SI=F,2026-04-10 07:00:00,75.445
silver,SI=F,2026-04-10 08:00:00,75.41
silver,SI=F,2026-04-10 09:00:00,74.985
silver,SI=F,2026-04-10 10:00:00,75.52
silver,SI=F,2026-04-10 11:00:00,75.685
silver,SI=F,2026-04-10 12:00:00,75.795
silver,SI=F,2026-04-10 13:00:00,76.07
silver,SI=F,2026-04-10 14:00:00,76.485
silver,SI=F,2026-04-10 15:00:00,76.455
silver,SI=F,2026-04-10 16:00:00,76.1
silver,SI=F,2026-04-10 17:00:00,76.36
silver,SI=F,2026-04-10 18:00:00,76.355
silver,SI=F,2026-04-10 19:00:00,76.535
silver,SI=F,2026-04-10 20:00:00,76.545
silver,SI=F,2026-04-10 21:00:00,76.48
silver,SI=F,2026-04-10 22:00:00,
silver,SI=F,2026-04-10 23:00:00,
silver,SI=F,2026-04-11 00:00:00,
silver,SI=F,2026-04-11 01:00:00,
silver,SI=F,2026-04-11 02:00:00,
silver,SI=F,2026-04-11 03:00:00,
silver,SI=F,2026-04-11 04:00:00,
silver,SI=F,2026-04-12 05:00:00,
silver,SI=F,2026-04-12 06:00:00,
silver,SI=F,2026-04-12 07:00:00,
silver,SI=F,2026-04-12 08:00:00,
silver,SI=F,2026-04-12 09:00:00,
silver,SI=F,2026-04-12 10:00:00,
silver,SI=F,2026-04-12 11:00:00,
silver,SI=F,2026-04-12 12:00:00,
silver,SI=F,2026-04-12 13:00:00,
silver,SI=F,2026-04-12 14:00:00,
silver,SI=F,2026-04-12 15:00:00,
silver,SI=F,2026-04-12 16:00:00,
silver,SI=F,2026-04-12 17:00:00,
silver,SI=F,2026-04-12 18:00:00,
silver,SI=F,2026-04-12 19:00:00,
silver,SI=F,2026-04-12 20:00:00,
silver,SI=F,2026-04-12 21:00:00,
silver,SI=F,2026-04-12 22:00:00,
silver,SI=F,2026-04-12 23:00:00,73.545
silver,SI=F,2026-04-13 00:00:00,73.82
silver,SI=F,2026-04-13 01:00:00,74.525
silver,SI=F,2026-04-13 02:00:00,74.43
silver,SI=F,2026-04-13 03:00:00,74.365
silver,SI=F,2026-04-13 04:00:00,74.475
silver,SI=F,2026-04-13 05:00:00,74.52
silver,SI=F,2026-04-13 06:00:00,74.755
silver,SI=F,2026-04-13 07:00:00,74.53
silver,SI=F,2026-04-13 08:00:00,74.845
silver,SI=F,2026-04-13 09:00:00,74.505
silver,SI=F,2026-04-13 10:00:00,74.465
silver,SI=F,2026-04-13 11:00:00,74.49
silver,SI=F,2026-04-13 12:00:00,74.13
silver,SI=F,2026-04-13 13:00:00,73.985
silver,SI=F,2026-04-13 14:00:00,74.375
silver,SI=F,2026-04-13 15:00:00,74.17
silver,SI=F,2026-04-13 16:00:00,74.165
silver,SI=F,2026-04-13 17:00:00,75.47
silver,SI=F,2026-04-13 18:00:00,75.33
silver,SI=F,2026-04-13 19:00:00,75.645
silver,SI=F,2026-04-13 20:00:00,75.61
silver,SI=F,2026-04-13 21:00:00,75.74
silver,SI=F,2026-04-13 22:00:00,
silver,SI=F,2026-04-13 23:00:00,76.02
silver,SI=F,2026-04-14 00:00:00,75.935
silver,SI=F,2026-04-14 01:00:00,76.165
silver,SI=F,2026-04-14 02:00:00,75.98
silver,SI=F,2026-04-14 03:00:00,76.82
silver,SI=F,2026-04-14 04:00:00,77.07
silver,SI=F,2026-04-14 05:00:00,77.235
silver,SI=F,2026-04-14 06:00:00,76.75
silver,SI=F,2026-04-14 07:00:00,77.67
silver,SI=F,2026-04-14 08:00:00,77.905
silver,SI=F,2026-04-14 09:00:00,78.23
silver,SI=F,2026-04-14 10:00:00,77.895
silver,SI=F,2026-04-14 11:00:00,77.615
silver,SI=F,2026-04-14 12:00:00,77.725
silver,SI=F,2026-04-14 13:00:00,77.675
silver,SI=F,2026-04-14 14:00:00,78.515
silver,SI=F,2026-04-14 15:00:00,79.26
silver,SI=F,2026-04-14 16:00:00,79.295
silver,SI=F,2026-04-14 17:00:00,79.21
silver,SI=F,2026-04-14 18:00:00,79.495
silver,SI=F,2026-04-14 19:00:00,79.405
silver,SI=F,2026-04-14 20:00:00,79.66
silver,SI=F,2026-04-14 21:00:00,79.625
silver,SI=F,2026-04-14 22:00:00,
silver,SI=F,2026-04-14 23:00:00,79.45
silver,SI=F,2026-04-15 00:00:00,79.635
silver,SI=F,2026-04-15 01:00:00,79.8
silver,SI=F,2026-04-15 02:00:00,80.645
silver,SI=F,2026-04-15 03:00:00,79.955
silver,SI=F,2026-04-15 04:00:00,79.925
silver,SI=F,2026-04-15 05:00:00,79.925
silver,SI=F,2026-04-15 06:00:00,79.505
silver,SI=F,2026-04-15 07:00:00,79.275
silver,SI=F,2026-04-15 08:00:00,79.315
silver,SI=F,2026-04-15 09:00:00,79.415
silver,SI=F,2026-04-15 10:00:00,78.585
silver,SI=F,2026-04-15 11:00:00,78.88
silver,SI=F,2026-04-15 12:00:00,79.19
silver,SI=F,2026-04-15 13:00:00,78.7
silver,SI=F,2026-04-15 14:00:00,80.15
silver,SI=F,2026-04-15 15:00:00,80.14
silver,SI=F,2026-04-15 16:00:00,79.755
silver,SI=F,2026-04-15 16:11:35,79.81
